{
  "Compatibility": "Compatible",
  "Contributors": {
    "Audio": [
      "Cirax856",
      "Asmir"
    ],
    "Developer": [ "Cirax856" ],
    "Manual": [ "Asmir" ],
    "Manual graphics": [ "JG" ]
  },
  "DefuserDifficulty": "Medium",
  "Description": "A cruel version of the module Chord Qualities.",
  "ExpertDifficulty": "Medium",
  "ModuleID": "cruelQualities",
  "Name": "Cruel Qualities",
  "Origin": "Mods",
  "Published": "2023-08-22",
  "SortKey": "CRUELQUALITIES",
  "SourceUrl": "https://github.com/Cirax856/Cruel-Qualities",
  "Souvenir": { "Status": "NotACandidate" },
  "SteamID": "3024114392",
  "Symbol": "Crq",
  "Type": "Regular"
}